data;tipo;pessoa;cargo_id;cargo;interino;fonte
2026-08-28;designacao;Maria Fernanda Mascarenhas Dos Santos Melis;br-secretaria-nacional-de-politicas-de-turismo-secretario;Secretário Nacional de Políticas de Turismo do Ministério do Turismo;não;https://www.in.gov.br/web/dou/-/portaria-de-pessoal-gm/mtur-n-27-de-26-de-agosto-de-2026-728533730
2026-07-31;nomeacao;Paulo Tiago Almeida Miranda;br-secretaria-executiva-turismo-secretario;Secretário-Executivo do Ministério do Turismo;não;https://www.in.gov.br/web/dou/-/portarias-de-30-de-julho-de-2026-722478706
2026-07-22;nomeacao;Samara Mariana de Castro;br-secretaria-executiva-secom-pr-secretario;Secretária-Executiva da Secretaria de Comunicação Social da Presidência da República;não;https://www.in.gov.br/web/dou/-/decretos-de-21-de-julho-de-2026-720580698
2026-07-03;posse;Leandro de Sousa Mendes;br-ancine-diretor;Diretor da Ancine;sim;https://www.gov.br/ancine/pt-br/assuntos/diretoria-colegiada/diretores
2026-06-30;nomeacao;Thairyne Jéssica Martins de Oliveira;br-secretaria-executiva-portos-e-aeroportos-secretario;Secretária-Executiva do Ministério de Portos e Aeroportos;não;https://www.in.gov.br/web/dou/-/decreto-de-29-de-junho-de-2026-715452741
2026-06-29;nomeacao;Daniel Vieira Sarapu;br-secretaria-nacional-de-transicao-energetica-e-planejamento-secretario;Secretária Nacional de Transição Energética e Planejamento do Ministério de Minas e Energia;não;https://www.in.gov.br/web/dou/-/portarias-de-26-de-junho-de-2026-715197130
2026-06-29;nomeacao;Mariana de Assis Espécie;br-secretaria-nacional-de-transicao-energetica-e-planejamento-secretario;Secretária Nacional de Transição Energética e Planejamento do Ministério de Minas e Energia;não;https://www.in.gov.br/web/dou/-/portarias-de-26-de-junho-de-2026-715197130
2026-06-25;posse;André Luiz de Almeida Mendonça;br-tribunal-superior-eleitoral-ministro;Ministro do Tribunal Superior Eleitoral;não;https://www.tse.jus.br/institucional/ministros
2026-06-16;posse;Igor Muniz;br-diretor-da-cvm;Diretor da CVM;não;https://www.gov.br/cvm/pt-br/composicao/colegiado
2026-06-09;posse;José Antonio Dias Toffoli;br-tribunal-superior-eleitoral-ministro;Ministro do Tribunal Superior Eleitoral;não;https://www.tse.jus.br/institucional/ministros
2026-06-05;posse;Otto Eduardo Fonseca de Albuquerque Lobo;br-presidente-da-cvm;Presidente da CVM;não;https://www.gov.br/cvm/pt-br/composicao/colegiado
2026-06-03;posse;Luiz Paniago Neves;br-anm-diretor;Diretor da ANM;sim;https://www.gov.br/anm/pt-br/acesso-a-informacao/institucional/quem-e-quem/diretores
2026-06-03;posse;Fábio Fernando Borges;br-anm-diretor;Diretor da ANM;sim;https://www.gov.br/anm/pt-br/acesso-a-informacao/institucional/quem-e-quem/diretores
2026-05-28;nomeacao;Vitor Emanuel Marchetti Ferraz Junior;br-secretaria-especial-de-assuntos-parlamentares-secretario;Secretário Especial de Assuntos Parlamentares da Secretaria de Relações Institucionais da Presidência da República;não;https://www.in.gov.br/web/dou/-/portarias-de-27-de-maio-de-2026-708793411
2026-05-20;sabatina;Otto Eduardo Fonseca de Albuquerque Lobo;br-presidente-da-cvm;Presidente da CVM;não;https://www25.senado.leg.br/web/atividade/materias/-/materia/172400
2026-05-20;sabatina;Igor Muniz;br-diretor-da-cvm;Diretor da CVM;não;https://www25.senado.leg.br/web/atividade/materias/-/materia/172407
2026-05-20;sabatina;Paulo Roberto Soares Pacheco;br-ministerio-das-relacoes-exteriores;Ministério das Relações Exteriores;não;https://www25.senado.leg.br/web/atividade/materias/-/materia/173684
2026-05-20;sabatina;Olyntho Vieira;br-ministerio-das-relacoes-exteriores;Ministério das Relações Exteriores;não;https://www25.senado.leg.br/web/atividade/materias/-/materia/173685
2026-05-20;sabatina;Marcelo Paz Saraiva Câmara;br-ministerio-das-relacoes-exteriores;Ministério das Relações Exteriores;não;https://www25.senado.leg.br/web/atividade/materias/-/materia/173680
2026-05-20;sabatina;Fabio Vaz Pitaluga;br-ministerio-das-relacoes-exteriores;Ministério das Relações Exteriores;não;https://www25.senado.leg.br/web/atividade/materias/-/materia/173688
2026-05-20;sabatina;João Batista do Nascimento Magalhães;br-ministerio-das-relacoes-exteriores;Ministério das Relações Exteriores;não;https://www25.senado.leg.br/web/atividade/materias/-/materia/173679
2026-05-20;sabatina;Ricardo André Vieira Diniz;br-ministerio-das-relacoes-exteriores;Ministério das Relações Exteriores;não;https://www25.senado.leg.br/web/atividade/materias/-/materia/173686
2026-05-07;posse;Margareth Rodrigues Costa;br-tribunal-superior-do-trabalho-ministro;Ministro do Tribunal Superior do Trabalho;não;https://pt.wikipedia.org/wiki/Tribunal_Superior_do_Trabalho
2026-04-29;sabatina;Jorge Rodrigo Araújo Messias;br-supremo-tribunal-federal-ministro;Ministro do Supremo Tribunal Federal;não;https://www25.senado.leg.br/web/atividade/materias/-/materia/173452
2026-04-29;sabatina;Margareth Rodrigues Costa;br-tribunal-superior-do-trabalho-ministro;Ministro do Tribunal Superior do Trabalho;não;https://www25.senado.leg.br/web/atividade/materias/-/materia/173453
2026-04-29;sabatina;Tarcijany Linhares Aguiar Machado;br-defensor-publico-geral-federal;Defensor Público-Geral Federal;não;https://www25.senado.leg.br/web/atividade/materias/-/materia/173586
2026-04-28;sabatina;Laudemar Gonçalves de Aguiar Neto;br-ministerio-das-relacoes-exteriores;Ministério das Relações Exteriores;não;https://www25.senado.leg.br/web/atividade/materias/-/materia/170896
2026-04-28;sabatina;Claudio Raja Gabaglia Lins;br-ministerio-das-relacoes-exteriores;Ministério das Relações Exteriores;não;https://www25.senado.leg.br/web/atividade/materias/-/materia/171091
2026-04-28;sabatina;Ricardo Primo Portugal;br-ministerio-das-relacoes-exteriores;Ministério das Relações Exteriores;não;https://www25.senado.leg.br/web/atividade/materias/-/materia/172060
2026-04-15;sabatina;Eduardo Botelho Barbosa;br-ministerio-das-relacoes-exteriores;Ministério das Relações Exteriores;não;https://www25.senado.leg.br/web/atividade/materias/-/materia/169937
2026-04-15;sabatina;Luiz Cesar Gasser;br-ministerio-das-relacoes-exteriores;Ministério das Relações Exteriores;não;https://www25.senado.leg.br/web/atividade/materias/-/materia/170534
2026-04-15;sabatina;João de Mendonça Lima Neto;br-ministerio-das-relacoes-exteriores;Ministério das Relações Exteriores;não;https://www25.senado.leg.br/web/atividade/materias/-/materia/170531
2026-04-15;sabatina;Alfredo Cesar Martinho Leoni;br-ministerio-das-relacoes-exteriores;Ministério das Relações Exteriores;não;https://www25.senado.leg.br/web/atividade/materias/-/materia/170897
2026-04-15;sabatina;Jorge Geraldo Kadri;br-ministerio-das-relacoes-exteriores;Ministério das Relações Exteriores;não;https://www25.senado.leg.br/web/atividade/materias/-/materia/171702
2026-04-15;sabatina;João Alfredo Dos Anjos Junior;br-ministerio-das-relacoes-exteriores;Ministério das Relações Exteriores;não;https://www25.senado.leg.br/web/atividade/materias/-/materia/172059
2026-04-14;sabatina;Haroldo de Macedo Ribeiro;br-ministerio-das-relacoes-exteriores;Ministério das Relações Exteriores;não;https://www25.senado.leg.br/web/atividade/materias/-/materia/170530
2026-04-14;sabatina;André Odenbreit Carvalho;br-ministerio-das-relacoes-exteriores;Ministério das Relações Exteriores;não;https://www25.senado.leg.br/web/atividade/materias/-/materia/170532
2026-04-14;sabatina;Pedro Murilo Ortega Terra;br-ministerio-das-relacoes-exteriores;Ministério das Relações Exteriores;não;https://www25.senado.leg.br/web/atividade/materias/-/materia/172058
2026-04-14;sabatina;Alexandre Peña Ghisleni;br-ministerio-das-relacoes-exteriores;Ministério das Relações Exteriores;não;https://www25.senado.leg.br/web/atividade/materias/-/materia/172569
2026-04-08;sabatina;Manuel Adalberto Carlos Montenegro Lopes da Cruz;br-ministerio-das-relacoes-exteriores;Ministério das Relações Exteriores;não;https://www25.senado.leg.br/web/atividade/materias/-/materia/169690
2026-04-08;sabatina;Luís Ivaldo Villafañe Gomes Santos;br-ministerio-das-relacoes-exteriores;Ministério das Relações Exteriores;não;https://www25.senado.leg.br/web/atividade/materias/-/materia/169727
2026-04-08;sabatina;Márcia Donner Abreu;br-ministerio-das-relacoes-exteriores;Ministério das Relações Exteriores;não;https://www25.senado.leg.br/web/atividade/materias/-/materia/169935
2026-04-08;sabatina;Pedro de Castro da Cunha e Menezes;br-ministerio-das-relacoes-exteriores;Ministério das Relações Exteriores;não;https://www25.senado.leg.br/web/atividade/materias/-/materia/169936
2026-04-08;sabatina;Fernando Meirelles de Azevedo Pimentel;br-ministerio-das-relacoes-exteriores;Ministério das Relações Exteriores;não;https://www25.senado.leg.br/web/atividade/materias/-/materia/170533
2026-01-01;posse;Benedito Gonçalves;br-conselheiro-do-cnj;Conselheiro do Conselho Nacional de Justiça;não;https://pt.wikipedia.org/wiki/Conselho_Nacional_de_Justi%C3%A7a
2026-01-01;posse;Kátia Magalhães Arruda;br-conselheiro-do-cnj;Conselheiro do Conselho Nacional de Justiça;não;https://pt.wikipedia.org/wiki/Conselho_Nacional_de_Justi%C3%A7a
2026-01-01;posse;Jaceguara Dantas da Silva;br-conselheiro-do-cnj;Conselheiro do Conselho Nacional de Justiça;não;https://pt.wikipedia.org/wiki/Conselho_Nacional_de_Justi%C3%A7a
2026-01-01;posse;Fábio Francisco Esteves;br-conselheiro-do-cnj;Conselheiro do Conselho Nacional de Justiça;não;https://pt.wikipedia.org/wiki/Conselho_Nacional_de_Justi%C3%A7a
2026-01-01;posse;Andréa Cunha Esmeraldo;br-conselheiro-do-cnj;Conselheiro do Conselho Nacional de Justiça;não;https://pt.wikipedia.org/wiki/Conselho_Nacional_de_Justi%C3%A7a
2026-01-01;posse;Ilan Presser;br-conselheiro-do-cnj;Conselheiro do Conselho Nacional de Justiça;não;https://pt.wikipedia.org/wiki/Conselho_Nacional_de_Justi%C3%A7a
2026-01-01;posse;Paulo Regis Machado Botelho;br-conselheiro-do-cnj;Conselheiro do Conselho Nacional de Justiça;não;https://pt.wikipedia.org/wiki/Conselho_Nacional_de_Justi%C3%A7a
2026-01-01;posse;Noemia Aparecida Garcia Porto;br-conselheiro-do-cnj;Conselheiro do Conselho Nacional de Justiça;não;https://pt.wikipedia.org/wiki/Conselho_Nacional_de_Justi%C3%A7a
2026-01-01;posse;Carlos Vinícius Alves Ribeiro;br-conselheiro-do-cnj;Conselheiro do Conselho Nacional de Justiça;não;https://pt.wikipedia.org/wiki/Conselho_Nacional_de_Justi%C3%A7a
2025-12-16;posse;Ricardo Villas Bôas Cueva;br-tribunal-superior-eleitoral-ministro;Ministro do Tribunal Superior Eleitoral;não;https://www.tse.jus.br/institucional/ministros
2025-11-28;posse;Flavio Marcus Lancia Barbosa;br-superior-tribunal-militar-ministro;Ministro do Superior Tribunal Militar;não;https://www.stm.jus.br/institucional/conheca-o-superior-tribunal-militar/composicao-da-corte
2025-11-27;posse;Anisio David de Oliveira Junior;br-superior-tribunal-militar-ministro;Ministro do Superior Tribunal Militar;não;https://www.stm.jus.br/institucional/conheca-o-superior-tribunal-militar/composicao-da-corte
2025-11-12;sabatina;Paulo Gustavo Gonet Branco;br-procurador-geral-da-republica;Procurador-Geral da República;não;https://www25.senado.leg.br/web/atividade/materias/-/materia/170323
2025-11-12;sabatina;Renata Lúcia Medeiros de Albuquerque Emerenciano;br-ana-dirigente;Diretor-Presidente da ANA;não;https://www25.senado.leg.br/web/atividade/materias/-/materia/170893
2025-11-12;sabatina;Anisio David de Oliveira Junior;br-superior-tribunal-militar-ministro;Ministro do Superior Tribunal Militar;não;https://www25.senado.leg.br/web/atividade/materias/-/materia/171353
2025-11-12;sabatina;Flavio Marcus Lancia Barbosa;br-superior-tribunal-militar-ministro;Ministro do Superior Tribunal Militar;não;https://www25.senado.leg.br/web/atividade/materias/-/materia/171354
2025-11-12;sabatina;Severino Medeiros Ramos Neto;br-antt-diretor;Diretor da ANTT;não;https://www25.senado.leg.br/web/atividade/materias/-/materia/171426
2025-09-29;posse;Edson Fachin;br-supremo-tribunal-federal-presidente;Presidente do Supremo Tribunal Federal;não;https://portal.stf.jus.br/textos/verTexto.asp?servico=bibliotecaConsultaProdutoBibliotecaPastaMinistro&pagina=ComposicaoAtual
2025-09-29;posse;Edson Fachin;br-presidente-do-cnj;Presidente do Conselho Nacional de Justiça;não;https://portal.stf.jus.br/textos/verTexto.asp?servico=bibliotecaConsultaProdutoBibliotecaPastaMinistro&pagina=ComposicaoAtual
2025-09-04;posse;Maria Marluce Caldas Bezerra;br-superior-tribunal-de-justica-ministro;Ministro do Superior Tribunal de Justiça;não;https://pt.wikipedia.org/wiki/Superior_Tribunal_de_Justi%C3%A7a
2025-09-04;posse;Carlos Augusto Pires Brandão;br-superior-tribunal-de-justica-ministro;Ministro do Superior Tribunal de Justiça;não;https://pt.wikipedia.org/wiki/Superior_Tribunal_de_Justi%C3%A7a
2025-09-02;posse;Patrícia Barcelos;br-ancine-diretor;Diretor da Ancine;não;https://www.gov.br/ancine/pt-br/assuntos/diretoria-colegiada/diretores
2025-09-01;posse;José Fernando Gomes Júnior;br-anm-diretor;Diretor da ANM;não;https://www.gov.br/anm/pt-br/acesso-a-informacao/institucional/quem-e-quem/diretores
2025-08-29;posse;Artur Watt Neto;br-anp-dirigente;Diretor-Geral da ANP;não;https://www.gov.br/anp/pt-br/composicao/diretoria-colegiada/composicao-diretoria-colegiada
2025-08-29;posse;Pietro Mendes;br-anp-diretor;Diretor da ANP;não;https://www.gov.br/anp/pt-br/composicao/diretoria-colegiada/composicao-diretoria-colegiada
2025-08-29;posse;Lorena Giuberti Coutinho;br-diretor-da-anpd;Diretor da ANPD;não;https://www.gov.br/anpd/pt-br/composicao/conselho-diretor/lorena-giuberti-coutinho
2025-08-28;posse;Larissa Oliveira Rêgo;br-ana-diretor;Diretor da ANA;não;https://www.gov.br/ana/pt-br/acesso-a-informacao/institucional/diretoria-colegiada
2025-08-28;posse;Cristiane Collet Battiston;br-ana-diretor;Diretor da ANA;não;https://www.gov.br/ana/pt-br/acesso-a-informacao/institucional/diretoria-colegiada
2025-08-28;posse;Leonardo Góes Silva;br-ana-diretor;Diretor da ANA;não;https://www.gov.br/ana/pt-br/acesso-a-informacao/institucional/diretoria-colegiada
2025-08-20;sabatina;José Fernando de Mendonça Gomes Júnior;br-anm-diretor;Diretor da ANM;não;https://www25.senado.leg.br/web/atividade/materias/-/materia/166756
2025-08-20;sabatina;Guilherme Theo Rodrigues da Rocha Sampaio;br-antt-dirigente;Diretor-Geral da ANTT;não;https://www25.senado.leg.br/web/atividade/materias/-/materia/166758
2025-08-20;sabatina;Alessandro Facure Neves de Salles Soares;br-ancine-dirigente;Diretor-Presidente da Ancine;não;https://www25.senado.leg.br/web/atividade/materias/-/materia/166746
2025-08-20;sabatina;Renata Sousa Cordeiro;br-antaq-dirigente;Diretor-Geral da Antaq;não;https://www25.senado.leg.br/web/atividade/materias/-/materia/169592
2025-08-20;sabatina;;br-antt-diretor;Diretor da ANTT;não;https://www25.senado.leg.br/web/atividade/materias/-/materia/169594
2025-08-20;sabatina;Frederico Carvalho Dias;br-antaq-dirigente;Diretor-Geral da Antaq;não;https://www25.senado.leg.br/web/atividade/materias/-/materia/169667
2025-08-20;sabatina;Lenise Barcellos de Mello Secchin;br-ans-diretor;Diretor da ANS;não;https://www25.senado.leg.br/web/atividade/materias/-/materia/169847
2025-08-20;sabatina;Guilherme Theo Rodrigues da Rocha Sampaio;br-antt-dirigente;Diretor-Geral da ANTT;não;https://www25.senado.leg.br/web/atividade/materias/-/materia/169909
2025-08-20;posse;Verônica Abdalla Sterman;br-superior-tribunal-militar-ministro;Ministro do Superior Tribunal Militar;não;https://www.stm.jus.br/institucional/conheca-o-superior-tribunal-militar/composicao-da-corte
2025-08-19;sabatina;Daniela Marreco Cerqueira;br-anvisa-diretor;Diretor da Anvisa;não;https://www25.senado.leg.br/web/atividade/materias/-/materia/166753
2025-08-19;sabatina;Leandro Pinheiro Safatle;br-anvisa-dirigente;Diretor-Presidente da Anvisa;não;https://www25.senado.leg.br/web/atividade/materias/-/materia/166754
2025-08-19;sabatina;Larissa Oliveira Rêgo;br-ana-diretor;Diretor da ANA;não;https://www25.senado.leg.br/web/atividade/materias/-/materia/166760
2025-08-19;sabatina;Leonardo Góes Silva;br-ana-diretor;Diretor da ANA;não;https://www25.senado.leg.br/web/atividade/materias/-/materia/166762
2025-08-19;sabatina;Artur Watt Neto;br-anp-dirigente;Diretor-Geral da ANP;não;https://www25.senado.leg.br/web/atividade/materias/-/materia/166743
2025-08-19;sabatina;Pietro Adamo Sampaio Mendes;br-anp-diretor;Diretor da ANP;não;https://www25.senado.leg.br/web/atividade/materias/-/materia/166744
2025-08-19;sabatina;Cristiane Collet Battiston;br-ana-diretor;Diretor da ANA;não;https://www25.senado.leg.br/web/atividade/materias/-/materia/166761
2025-08-19;sabatina;Wadih Nemer Damous Filho;br-ans-dirigente;Diretor-Presidente da ANS;não;https://www25.senado.leg.br/web/atividade/materias/-/materia/166750
2025-08-19;sabatina;Tiago Chagas Faierstein;br-anac-dirigente;Diretor-Presidente da Anac;não;https://www25.senado.leg.br/web/atividade/materias/-/materia/166751
2025-08-19;sabatina;Rui Chagas Mesquita;br-anac-diretor;Diretor da Anac;não;https://www25.senado.leg.br/web/atividade/materias/-/materia/166752
2025-08-19;sabatina;Lorena Giuberti Coutinho;br-diretor-da-anpd;Diretor da ANPD;não;https://www25.senado.leg.br/web/atividade/materias/-/materia/169589
2025-08-19;sabatina;Thiago Lopes Cardoso Campos;br-anvisa-diretor;Diretor da Anvisa;não;https://www25.senado.leg.br/web/atividade/materias/-/materia/169591
2025-08-19;sabatina;Antonio Mathias Nogueira Moreira;br-anac-diretor;Diretor da Anac;não;https://www25.senado.leg.br/web/atividade/materias/-/materia/169593
2025-08-19;sabatina;Willamy Moreira Frota;br-aneel-diretor;Diretor da Aneel;não;https://www25.senado.leg.br/web/atividade/materias/-/materia/169661
2025-08-19;sabatina;Edson Victor Eugenio de Holanda;br-anatel-dirigente;Presidente da Anatel;não;https://www25.senado.leg.br/web/atividade/materias/-/materia/169662
2025-08-19;sabatina;Gentil Nogueira de sá Júnior;br-aneel-diretor;Diretor da Aneel;não;https://www25.senado.leg.br/web/atividade/materias/-/materia/169668
2025-08-19;sabatina;Octavio Penna Pieranti;br-anatel-dirigente;Presidente da Anatel;não;https://www25.senado.leg.br/web/atividade/materias/-/materia/169669
2025-08-13;sabatina;Patricia Barcelos;br-ancine-diretor;Diretor da Ancine;não;https://www25.senado.leg.br/web/atividade/materias/-/materia/166742
2025-08-13;sabatina;Verônica Abdalla Sterman;br-superior-tribunal-militar-ministro;Ministro do Superior Tribunal Militar;não;https://www25.senado.leg.br/web/atividade/materias/-/materia/169566
2025-08-13;sabatina;Carlos Augusto Pires Brandão;br-superior-tribunal-de-justica-ministro;Ministro do Superior Tribunal de Justiça;não;https://www25.senado.leg.br/web/atividade/materias/-/materia/169571
2025-08-13;sabatina;Maria Marluce Caldas Bezerra;br-superior-tribunal-de-justica-ministro;Ministro do Superior Tribunal de Justiça;não;https://www25.senado.leg.br/web/atividade/materias/-/materia/169595
2025-08-01;posse;Floriano Peixoto de Azevedo Marques Neto;br-tribunal-superior-eleitoral-ministro;Ministro do Tribunal Superior Eleitoral;não;https://www.tse.jus.br/institucional/ministros
2025-08-01;posse;Estela Aranha;br-tribunal-superior-eleitoral-ministro;Ministro do Tribunal Superior Eleitoral;não;https://www.tse.jus.br/institucional/ministros
2025-07-17;sabatina;Diogo Penha Soares;br-anvisa-diretor;Diretor da Anvisa;não;https://www25.senado.leg.br/web/atividade/materias/-/materia/166755
2025-07-08;sabatina;Maria Luisa Escorel de Moraes;br-ministerio-das-relacoes-exteriores;Ministério das Relações Exteriores;não;https://www25.senado.leg.br/web/atividade/materias/-/materia/168988
2025-07-08;sabatina;Luiz Alberto Figueiredo Machado;br-ministerio-das-relacoes-exteriores;Ministério das Relações Exteriores;não;https://www25.senado.leg.br/web/atividade/materias/-/materia/168985
2025-07-08;sabatina;Cláudia Fonseca Buzzi;br-ministerio-das-relacoes-exteriores;Ministério das Relações Exteriores;não;https://www25.senado.leg.br/web/atividade/materias/-/materia/168986
2025-07-08;sabatina;Orlando Leite Ribeiro;br-ministerio-das-relacoes-exteriores;Ministério das Relações Exteriores;não;https://www25.senado.leg.br/web/atividade/materias/-/materia/169018
2025-07-08;sabatina;Irene Vida Gala;br-ministerio-das-relacoes-exteriores;Ministério das Relações Exteriores;não;https://www25.senado.leg.br/web/atividade/materias/-/materia/169345
2025-07-08;sabatina;Luís Guilherme Nascentes da Silva;br-ministerio-das-relacoes-exteriores;Ministério das Relações Exteriores;não;https://www25.senado.leg.br/web/atividade/materias/-/materia/169346
2025-06-11;sabatina;Vivian Loss Sanmartin;br-ministerio-das-relacoes-exteriores;Ministério das Relações Exteriores;não;https://www25.senado.leg.br/web/atividade/materias/-/materia/168609
2025-06-11;sabatina;Maria Elisa Teófilo de Luna;br-ministerio-das-relacoes-exteriores;Ministério das Relações Exteriores;não;https://www25.senado.leg.br/web/atividade/materias/-/materia/168608
2025-06-11;sabatina;Daniella Ortega de Paiva Menezes;br-ministerio-das-relacoes-exteriores;Ministério das Relações Exteriores;não;https://www25.senado.leg.br/web/atividade/materias/-/materia/168607
2025-06-10;sabatina;Maria Clara de Abreu Rada;br-ministerio-das-relacoes-exteriores;Ministério das Relações Exteriores;não;https://www25.senado.leg.br/web/atividade/materias/-/materia/167958
2025-06-10;sabatina;Bernard Jorg Leopold de García Klingl;br-ministerio-das-relacoes-exteriores;Ministério das Relações Exteriores;não;https://www25.senado.leg.br/web/atividade/materias/-/materia/167962
2025-06-10;sabatina;Pablo Duarte Cardoso;br-ministerio-das-relacoes-exteriores;Ministério das Relações Exteriores;não;https://www25.senado.leg.br/web/atividade/materias/-/materia/167964
2025-05-28;sabatina;João Mendes Pereira;br-ministerio-das-relacoes-exteriores;Ministério das Relações Exteriores;não;https://www25.senado.leg.br/web/atividade/materias/-/materia/167957
2025-05-28;sabatina;Silvio José Albuquerque e Silva;br-ministerio-das-relacoes-exteriores;Ministério das Relações Exteriores;não;https://www25.senado.leg.br/web/atividade/materias/-/materia/167959
2025-05-28;sabatina;Júlio Cesar Fontes Laranjeira;br-ministerio-das-relacoes-exteriores;Ministério das Relações Exteriores;não;https://www25.senado.leg.br/web/atividade/materias/-/materia/167960
2025-05-28;sabatina;Ricardo José Lustosa Leal;br-ministerio-das-relacoes-exteriores;Ministério das Relações Exteriores;não;https://www25.senado.leg.br/web/atividade/materias/-/materia/167953
2025-05-25;posse;Kassio Nunes Marques;br-tribunal-superior-eleitoral-ministro;Ministro do Tribunal Superior Eleitoral;não;https://www.tse.jus.br/institucional/ministros
2025-05-21;sabatina;Sérgio Rodrigues Dos Santos;br-ministerio-das-relacoes-exteriores;Ministério das Relações Exteriores;não;https://www25.senado.leg.br/web/atividade/materias/-/materia/167954
2025-05-21;sabatina;Rodrigo de Lima Baena Soares;br-ministerio-das-relacoes-exteriores;Ministério das Relações Exteriores;não;https://www25.senado.leg.br/web/atividade/materias/-/materia/167955
2025-05-21;sabatina;Eduardo Paes Saboia;br-ministerio-das-relacoes-exteriores;Ministério das Relações Exteriores;não;https://www25.senado.leg.br/web/atividade/materias/-/materia/167956
2025-05-21;sabatina;André Veras Guimarães;br-ministerio-das-relacoes-exteriores;Ministério das Relações Exteriores;não;https://www25.senado.leg.br/web/atividade/materias/-/materia/167961
2025-05-21;sabatina;Paulo Uchôa Ribeiro Filho;br-ministerio-das-relacoes-exteriores;Ministério das Relações Exteriores;não;https://www25.senado.leg.br/web/atividade/materias/-/materia/167963
2025-02-01;posse;Hugo Motta;br-presidente-da-camara-dos-deputados;Presidente da Câmara dos Deputados;não;https://dadosabertos.camara.leg.br/api/v2/deputados/160674
2025-02-01;posse;Davi Alcolumbre;br-presidente-do-senado-federal;Presidente do Senado Federal;não;https://www25.senado.leg.br/web/senadores/mesa-diretora
2025-01-01;posse;Gabriel Galípolo;br-presidente-do-banco-central;Presidente do Banco Central do Brasil;não;https://agenciabrasil.ebc.com.br/economia/noticia/2024-12/comissao-do-senado-aprova-novos-diretores-do-banco-central
2025-01-01;posse;Nilton José Schneider David;br-diretor-do-banco-central;Diretor do Banco Central do Brasil;não;https://pt.wikipedia.org/wiki/Banco_Central_do_Brasil
2025-01-01;posse;Gilneu Francisco Astolfi Vivan;br-diretor-do-banco-central;Diretor do Banco Central do Brasil;não;https://pt.wikipedia.org/wiki/Banco_Central_do_Brasil
2025-01-01;posse;Izabela Moreira Correa;br-diretor-do-banco-central;Diretor do Banco Central do Brasil;não;https://pt.wikipedia.org/wiki/Banco_Central_do_Brasil
2025-01-01;posse;Edson Fachin;br-conselheiro-do-cnj;Conselheiro do Conselho Nacional de Justiça;não;https://pt.wikipedia.org/wiki/Conselho_Nacional_de_Justi%C3%A7a
2025-01-01;posse;Silvio Amorim Junior;br-conselheiro-do-cnj;Conselheiro do Conselho Nacional de Justiça;não;https://pt.wikipedia.org/wiki/Conselho_Nacional_de_Justi%C3%A7a
2025-01-01;posse;Ulisses Rabaneda dos Santos;br-conselheiro-do-cnj;Conselheiro do Conselho Nacional de Justiça;não;https://pt.wikipedia.org/wiki/Conselho_Nacional_de_Justi%C3%A7a
2025-01-01;posse;Rodrigo Badaró Almeida de Castro;br-conselheiro-do-cnj;Conselheiro do Conselho Nacional de Justiça;não;https://pt.wikipedia.org/wiki/Conselho_Nacional_de_Justi%C3%A7a
2024-12-12;sabatina;Iagê Zendron Miola;br-diretor-da-anpd;Diretor da ANPD;não;https://www25.senado.leg.br/web/atividade/materias/-/materia/165000
2024-12-12;sabatina;Guido Amin Naves;br-superior-tribunal-militar-ministro;Ministro do Superior Tribunal Militar;não;https://www25.senado.leg.br/web/atividade/materias/-/materia/166268
2024-12-10;sabatina;Gilda Motta Santos Neves;br-ministerio-das-relacoes-exteriores;Ministério das Relações Exteriores;não;https://www25.senado.leg.br/web/atividade/materias/-/materia/165001
2024-12-10;sabatina;Daniella Xavier Cesar;br-ministerio-das-relacoes-exteriores;Ministério das Relações Exteriores;não;https://www25.senado.leg.br/web/atividade/materias/-/materia/165002
2024-12-10;sabatina;Carlos Ricardo Martins Ceglia;br-ministerio-das-relacoes-exteriores;Ministério das Relações Exteriores;não;https://www25.senado.leg.br/web/atividade/materias/-/materia/165674
2024-12-10;sabatina;Felipe Costi Santarosa;br-ministerio-das-relacoes-exteriores;Ministério das Relações Exteriores;não;https://www25.senado.leg.br/web/atividade/materias/-/materia/165673
2024-12-10;sabatina;Miguel Griesbach de Pereira Franco;br-ministerio-das-relacoes-exteriores;Ministério das Relações Exteriores;não;https://www25.senado.leg.br/web/atividade/materias/-/materia/166050
2024-12-10;sabatina;Maria Izabel Vieira;br-ministerio-das-relacoes-exteriores;Ministério das Relações Exteriores;não;https://www25.senado.leg.br/web/atividade/materias/-/materia/166052
2024-12-10;sabatina;Ana Maria de Souza Bierrenbach;br-ministerio-das-relacoes-exteriores;Ministério das Relações Exteriores;não;https://www25.senado.leg.br/web/atividade/materias/-/materia/166256
2024-12-10;sabatina;Nilton José Schneider David;br-diretor-do-banco-central;Diretor do Banco Central do Brasil;não;https://www25.senado.leg.br/web/atividade/materias/-/materia/166355
2024-12-10;sabatina;Izabela Moreira Correa;br-diretor-do-banco-central;Diretor do Banco Central do Brasil;não;https://www25.senado.leg.br/web/atividade/materias/-/materia/166356
2024-12-10;sabatina;Gilneu Francisco Astolfi Vivan;br-diretor-do-banco-central;Diretor do Banco Central do Brasil;não;https://www25.senado.leg.br/web/atividade/materias/-/materia/166357
2024-10-08;sabatina;Gabriel Muricca Galípolo;br-presidente-do-banco-central;Presidente do Banco Central do Brasil;não;https://www25.senado.leg.br/web/atividade/materias/-/materia/165220
2024-08-14;sabatina;Flávio Soares Damico;br-ministerio-das-relacoes-exteriores;Ministério das Relações Exteriores;não;https://www25.senado.leg.br/web/atividade/materias/-/materia/164414
2024-08-14;sabatina;Marcos Vinicius Pinta Gama;br-ministerio-das-relacoes-exteriores;Ministério das Relações Exteriores;não;https://www25.senado.leg.br/web/atividade/materias/-/materia/164415
2024-08-14;sabatina;Ana Lélia Benincá Beltrame;br-ministerio-das-relacoes-exteriores;Ministério das Relações Exteriores;não;https://www25.senado.leg.br/web/atividade/materias/-/materia/164416
2024-07-10;sabatina;Samara Furtado Carneiro;br-anvisa-dirigente;Diretor-Presidente da Anvisa;não;https://www25.senado.leg.br/web/atividade/materias/-/materia/163851
2024-07-10;sabatina;Marcel Fortuna Biato;br-ministerio-das-relacoes-exteriores;Ministério das Relações Exteriores;não;https://www25.senado.leg.br/web/atividade/materias/-/materia/163295
2024-07-10;sabatina;Flávio Helmold Macieira;br-ministerio-das-relacoes-exteriores;Ministério das Relações Exteriores;não;https://www25.senado.leg.br/web/atividade/materias/-/materia/163294
2024-07-10;sabatina;Rodrigo de Azeredo Santos;br-ministerio-das-relacoes-exteriores;Ministério das Relações Exteriores;não;https://www25.senado.leg.br/web/atividade/materias/-/materia/163853
2024-07-10;sabatina;Luciano Mazza de Andrade;br-ministerio-das-relacoes-exteriores;Ministério das Relações Exteriores;não;https://www25.senado.leg.br/web/atividade/materias/-/materia/164298
2024-07-10;sabatina;Rosimar da Silva Suzano;br-ministerio-das-relacoes-exteriores;Ministério das Relações Exteriores;não;https://www25.senado.leg.br/web/atividade/materias/-/materia/164297
2024-07-10;sabatina;Eugênia Barthelmess;br-ministerio-das-relacoes-exteriores;Ministério das Relações Exteriores;não;https://www25.senado.leg.br/web/atividade/materias/-/materia/164296
2024-07-10;sabatina;Alexandre Henrique Scultori de Azevedo Silva;br-ministerio-das-relacoes-exteriores;Ministério das Relações Exteriores;não;https://www25.senado.leg.br/web/atividade/materias/-/materia/164295
2024-07-10;sabatina;Colbert Soares Pinto Junior;br-ministerio-das-relacoes-exteriores;Ministério das Relações Exteriores;não;https://www25.senado.leg.br/web/atividade/materias/-/materia/164294
2024-07-10;sabatina;Nedilson Ricardo Jorge;br-ministerio-das-relacoes-exteriores;Ministério das Relações Exteriores;não;https://www25.senado.leg.br/web/atividade/materias/-/materia/164293
2024-07-10;sabatina;Rafael de Mello Vidal;br-ministerio-das-relacoes-exteriores;Ministério das Relações Exteriores;não;https://www25.senado.leg.br/web/atividade/materias/-/materia/164413
2024-06-19;sabatina;Mariana Gonçalves Madeira;br-ministerio-das-relacoes-exteriores;Ministério das Relações Exteriores;não;https://www25.senado.leg.br/web/atividade/materias/-/materia/161376
2024-06-19;sabatina;Carlos José Areias Moreno Garcete;br-ministerio-das-relacoes-exteriores;Ministério das Relações Exteriores;não;https://www25.senado.leg.br/web/atividade/materias/-/materia/161918
2024-06-19;sabatina;;br-ministerio-das-relacoes-exteriores;Ministério das Relações Exteriores;não;https://www25.senado.leg.br/web/atividade/materias/-/materia/162075
2024-06-19;sabatina;André Luís Macagnan Freire;br-conselheiro-do-cade;Conselheiro do Tribunal do Cade;não;https://www25.senado.leg.br/web/atividade/materias/-/materia/163254
2024-06-19;sabatina;Alexandre Barreto de Souza;br-conselheiro-do-cade;Conselheiro do Tribunal do Cade;não;https://www25.senado.leg.br/web/atividade/materias/-/materia/163258
2024-06-19;sabatina;Antônio Fabrício de Matos Gonçalves;br-tribunal-superior-do-trabalho-ministro;Ministro do Tribunal Superior do Trabalho;não;https://www25.senado.leg.br/web/atividade/materias/-/materia/163854
2023-12-13;sabatina;Caio Mário Trivellato Seabra Filho;br-anm-diretor;Diretor da ANM;não;https://www25.senado.leg.br/web/atividade/materias/-/materia/161284
2023-12-13;sabatina;Leonardo Cardoso de Magalhães;br-defensor-publico-geral-federal;Defensor Público-Geral Federal;não;https://www25.senado.leg.br/web/atividade/materias/-/materia/161289
2023-12-13;sabatina;Paulo Gustavo Gonet Branco;br-procurador-geral-da-republica;Procurador-Geral da República;não;https://www25.senado.leg.br/web/atividade/materias/-/materia/161291
2023-12-13;sabatina;Flávio Dino de Castro e Costa;br-supremo-tribunal-federal-ministro;Ministro do Supremo Tribunal Federal;não;https://www25.senado.leg.br/web/atividade/materias/-/materia/161290
2023-12-12;sabatina;;br-ministerio-das-relacoes-exteriores;Ministério das Relações Exteriores;não;https://www25.senado.leg.br/web/atividade/materias/-/materia/158168
2023-12-12;sabatina;Maria Elisa Teófilo de Luna;br-ministerio-das-relacoes-exteriores;Ministério das Relações Exteriores;não;https://www25.senado.leg.br/web/atividade/materias/-/materia/160911
2023-12-12;sabatina;Maria Cristina de Castro Martins;br-ministerio-das-relacoes-exteriores;Ministério das Relações Exteriores;não;https://www25.senado.leg.br/web/atividade/materias/-/materia/160912
2023-12-12;sabatina;Paulo Picchetti;br-diretor-do-banco-central;Diretor do Banco Central do Brasil;não;https://www25.senado.leg.br/web/atividade/materias/-/materia/161128
2023-12-12;sabatina;Rodrigo Alves Teixeira;br-diretor-do-banco-central;Diretor do Banco Central do Brasil;não;https://www25.senado.leg.br/web/atividade/materias/-/materia/161127
2023-12-12;sabatina;José Levi Mello do Amaral Júnior;br-conselheiro-do-cade;Conselheiro do Tribunal do Cade;não;https://www25.senado.leg.br/web/atividade/materias/-/materia/161236
2023-12-12;sabatina;Camila Cabral Pires Alves;br-conselheiro-do-cade;Conselheiro do Tribunal do Cade;não;https://www25.senado.leg.br/web/atividade/materias/-/materia/161237
2023-12-12;sabatina;Diogo Thomson de Andrade;br-conselheiro-do-cade;Conselheiro do Tribunal do Cade;não;https://www25.senado.leg.br/web/atividade/materias/-/materia/161238
2023-12-12;sabatina;Carlos Jacques Vieira Gomes;br-conselheiro-do-cade;Conselheiro do Tribunal do Cade;não;https://www25.senado.leg.br/web/atividade/materias/-/materia/161239
2023-12-12;sabatina;Glivânia Maria de Oliveira;br-ministerio-das-relacoes-exteriores;Ministério das Relações Exteriores;não;https://www25.senado.leg.br/web/atividade/materias/-/materia/161286
2023-12-12;sabatina;Daniel Walter Maeda Bernardo;br-diretor-da-cvm;Diretor da CVM;não;https://www25.senado.leg.br/web/atividade/materias/-/materia/161299
2023-12-12;sabatina;Marina Palma Copola de Carvalho;br-diretor-da-cvm;Diretor da CVM;não;https://www25.senado.leg.br/web/atividade/materias/-/materia/161300
2023-10-25;sabatina;Igor Roberto Albuquerque Roque;br-defensor-publico-geral-federal;Defensor Público-Geral Federal;não;https://www25.senado.leg.br/web/atividade/materias/-/materia/158096
2023-10-25;sabatina;Rodrigo D'araujo Gabsch;br-ministerio-das-relacoes-exteriores;Ministério das Relações Exteriores;não;https://www25.senado.leg.br/web/atividade/materias/-/materia/159626
2023-10-25;sabatina;Carlos Luís Dantas Coutinho Perez;br-ministerio-das-relacoes-exteriores;Ministério das Relações Exteriores;não;https://www25.senado.leg.br/web/atividade/materias/-/materia/159627
2023-10-25;sabatina;Daniela Rodrigues Teixeira;br-superior-tribunal-de-justica-ministro;Ministro do Superior Tribunal de Justiça;não;https://www25.senado.leg.br/web/atividade/materias/-/materia/159982
2023-10-25;sabatina;Teodoro Silva Santos;br-superior-tribunal-de-justica-ministro;Ministro do Superior Tribunal de Justiça;não;https://www25.senado.leg.br/web/atividade/materias/-/materia/159983
2023-10-25;sabatina;José Afrânio Vilela;br-superior-tribunal-de-justica-ministro;Ministro do Superior Tribunal de Justiça;não;https://www25.senado.leg.br/web/atividade/materias/-/materia/159985
2023-09-20;sabatina;Gustavo Rocha de Menezes;br-ministerio-das-relacoes-exteriores;Ministério das Relações Exteriores;não;https://www25.senado.leg.br/web/atividade/materias/-/materia/158946
2023-09-13;sabatina;Paulo Xavier Alcoforado;br-ancine-diretor;Diretor da Ancine;não;https://www25.senado.leg.br/web/atividade/materias/-/materia/158577
2023-09-13;sabatina;Maria Edileuza Fontenele Reis;br-ministerio-das-relacoes-exteriores;Ministério das Relações Exteriores;não;https://www25.senado.leg.br/web/atividade/materias/-/materia/158899
2023-09-13;sabatina;Gilberto Fonseca Guimarães de Moura;br-ministerio-das-relacoes-exteriores;Ministério das Relações Exteriores;não;https://www25.senado.leg.br/web/atividade/materias/-/materia/158904
2023-09-13;sabatina;Maria Clara Duclos Carisio;br-ministerio-das-relacoes-exteriores;Ministério das Relações Exteriores;não;https://www25.senado.leg.br/web/atividade/materias/-/materia/158898
2023-09-13;sabatina;Marcelo Otávio Dantas Loures da Costa;br-ministerio-das-relacoes-exteriores;Ministério das Relações Exteriores;não;https://www25.senado.leg.br/web/atividade/materias/-/materia/158945
2023-09-13;sabatina;Marcos de Brito Campos Júnior;br-dnit-dirigente;Diretor-Geral do DNIT;não;https://www25.senado.leg.br/web/atividade/materias/-/materia/159438
