id;nome;viagens;diarias;passagens;total;exterior
br-p-andre-carlos-alves-de-paula-filho;André Carlos Alves de Paula Filho;34;45681,83;346192,92;391874,75;2
br-p-antonio-vladimir-moura-lima;Antonio Vladimir Moura Lima;37;39101,32;209336,87;248438,19;1
br-p-luciana-barbosa-de-oliveira-santos;Luciana Barbosa de Oliveira Santos;36;53172,35;308889,09;362061,44;2
br-p-frederico-de-siqueira-filho;Frederico de Siqueira Filho;31;79267,32;427020,50;506287,82;4
br-p-margareth-menezes-da-purificacao-costa;Margareth Menezes da Purificação Costa;5;3282,95;22242,51;25525,46;0
br-p-jose-mucio-monteiro-filho;José Mucio Monteiro Filho;38;70259,44;99886,06;170145,50;6
br-p-fernanda-machiaveli-morao-de-oliveira;Fernanda Machiaveli Morão de Oliveira;27;34531,39;199033,00;233564,39;1
br-p-jose-wellington-barroso-de-araujo-dias;José Wellington Barroso de Araujo Dias;32;26042,35;265940,77;291983,12;1
br-p-marcio-fernando-elias-rosa;Márcio Fernando Elias Rosa;26;43577,57;245252,40;288829,97;4
br-p-janine-mello-dos-santos;Janine Mello dos Santos;35;36144,63;188905,52;225050,15;2
br-p-leonardo-osvaldo-barchini-rosa;Leonardo Osvaldo Barchini Rosa;35;21805,63;127856,54;149662,17;0
br-p-paulo-henrique-rodrigues-pereira;Paulo Henrique Rodrigues Pereira;12;10143,07;46327,99;56471,06;0
br-p-paulo-henrique-perna-cordeiro;Paulo Henrique Perna Cordeiro;15;21372,31;104218,88;125591,19;0
br-p-dario-carnevalli-durigan;Dario Carnevalli Durigan;14;34158,85;316543,87;350702,72;3
br-p-esther-dweck;Esther Dweck;25;59130,98;389212,32;448343,30;2
br-p-rachel-barros-de-oliveira;Rachel Barros de Oliveira;6;6957,10;34063,20;41020,30;0
br-p-antonio-waldez-goes-da-silva;Antônio Waldez Góes da Silva;33;12317,66;188760,86;201078,52;0
br-p-wellington-cesar-lima-e-silva;Wellington César Lima e Silva;29;16221,17;167480,53;183701,70;0
br-p-joao-paulo-ribeiro-capobianco;João Paulo Ribeiro Capobianco;21;44214,23;199948,69;244162,92;2
br-p-alexandre-silveira-de-oliveira;Alexandre Silveira de Oliveira;23;62314,57;124796,93;187111,50;5
br-p-marcia-helena-carvalho-lopes;Márcia Helena Carvalho Lopes;57;65058,78;506098,82;571157,60;2
br-p-rivetla-edipo-araujo-cruz;Rivetla Edipo Araujo Cruz;13;32557,99;127562,79;160120,78;1
br-p-bruno-moretti;Bruno Moretti;5;9288,20;40872,04;50160,24;0
br-p-luiz-henrique-eloy-amado;Luiz Henrique Eloy Amado;24;67057,60;221528,23;288585,83;0
br-p-wolney-queiroz-maciel;Wolney Queiroz Maciel;31;13489,77;225942,80;239432,57;0
br-p-mauro-luiz-iecker-vieira;Mauro Luiz Iecker Vieira;21;79726,65;257282,24;337008,89;13
br-p-alexandre-rocha-santos-padilha;Alexandre Rocha Santos Padilha;82;88787,57;646357,55;735145,12;3
br-p-luiz-marinho;Luiz Marinho;39;23662,35;141790,70;165453,05;2
br-p-gustavo-costa-feliciano;Gustavo Costa Feliciano;32;52871,57;262128,18;314999,75;5
br-p-vinicius-marques-de-carvalho;Vinícius Marques de Carvalho;11;34247,29;113106,68;147353,97;3
br-p-guilherme-castro-boulos;Guilherme Castro Boulos;40;23165,30;201483,41;224648,71;0
br-p-jose-nobre-guimaraes;José Nobre Guimarães;19;26249,84;125369,90;151619,74;0
br-p-marcos-antonio-amaro-dos-santos;Marcos Antonio Amaro dos Santos;5;16362,70;25068,68;41431,38;1
br-p-dou-carlos-manuel-baigorri;Carlos Manuel Baigorri;11;71033,94;251689,38;322723,32;7
br-p-wp-alexandre-reis-siqueira-freire;Alexandre Reis Siqueira Freire;20;39715,48;127224,77;166940,25;3
br-p-sandoval-de-araujo-feitosa-neto;Sandoval de Araújo Feitosa Neto;19;55272,47;79246,55;134519,02;4
br-p-agnes-maria-de-aragao-da-costa;Agnes Maria de Aragão da Costa;25;56179,00;72787,76;128966,76;3
br-p-gentil-nogueira-de-sa-junior;Gentil Nogueira de Sá Júnior;19;14831,40;63420,39;78251,79;0
br-p-willamy-moreira-frota;Willamy Moreira Frota;7;38155,94;28524,95;66680,89;0
br-p-ludimila-lima-da-silva;Ludimila Lima da Silva;8;33642,76;37147,12;70789,88;2
br-p-artur-watt-neto;Artur Watt Neto;25;36063,06;154536,91;190599,97;0
br-p-symone-christine-de-santana-araujo;Symone Christine de Santana Araújo;18;36441,64;75367,15;111808,79;1
br-p-daniel-maia-vieira;Daniel Maia Vieira;8;22307,90;44515,65;66823,55;2
br-p-mauro-henrique-moreira-sousa;Mauro Henrique Moreira Sousa;12;13042,23;35626,58;48668,81;0
br-p-luiz-paniago-neves;Luiz Paniago Neves;10;25913,04;25474,87;51387,91;2
br-p-fabio-fernando-borges;Fábio Fernando Borges;4;4288,54;5763,16;10051,70;0
br-p-leandro-pinheiro-safatle;Leandro Pinheiro Safatle;22;40330,68;215684,18;256014,86;4
br-p-daniela-marreco-cerqueira;Daniela Marreco Cerqueira;19;55466,94;150452,46;205919,40;3
br-p-daniel-meirelles-fernandes-pereira;Daniel Meirelles Fernandes Pereira;11;61787,40;228195,11;289982,51;4
br-p-thiago-lopes-cardoso-campos;Thiago Lopes Cardoso Campos;26;95167,94;323775,81;418943,75;5
br-p-wadih-nemer-damous-filho;Wadih Nemer Damous Filho;12;39442,70;43120,40;82563,10;1
br-p-lenise-barcellos-de-mello-secchin;Lenise Barcellos de Mello Secchin;13;30268,13;27688,04;57956,17;2
br-p-eliane-aparecida-de-castro-medeiros;Eliane Aparecida de Castro Medeiros;16;37831,48;76129,49;113960,97;1
br-p-carla-de-figueiredo-soares;Carla de Figueiredo Soares;16;29969,47;75578,03;105547,50;1
br-p-francisco-jose-d-angelo-pinto;Francisco José D'Angelo Pinto;3;3756,18;16105,84;19862,02;0
br-p-larissa-oliveira-rego;Larissa Oliveira Rêgo;15;20169,86;55506,53;75676,39;1
br-p-cristiane-collet-battiston;Cristiane Collet Battiston;10;51161,69;67238,19;118399,88;3
br-p-leonardo-goes-silva;Leonardo Góes Silva;13;40442,53;52205,37;92647,90;5
br-p-guilherme-theo-rodrigues-da-rocha-sampaio;Guilherme Theo Rodrigues da Rocha Sampaio;25;39590,24;94085,05;133675,29;1
br-p-lucas-asfor-rocha-lima;Lucas Asfor Rocha Lima;10;33358,54;44423,76;77782,30;1
br-p-alex-antonio-de-azevedo-cruz;Alex Antonio de Azevedo Cruz;18;30527,58;78826,77;109354,35;2
br-p-felipe-fernandes-queiroz;Felipe Fernandes Queiroz;16;60518,93;135181,67;195700,60;3
br-p-marcelo-cardoso-fonseca;Marcelo Cardoso Fonseca;14;31742,31;88896,14;120638,45;1
br-p-frederico-carvalho-dias;Frederico Carvalho Dias;16;27635,10;51587,78;79222,88;1
br-p-alexandre-palmieri-florambel;Alexandre Palmieri Florambel;6;8049,87;14231,98;22281,85;0
br-p-wilson-pereira-de-lima-filho;Wilson Pereira de Lima Filho;19;58448,04;62014,17;120462,21;2
br-p-alber-furtado-de-vasconcelos-neto;Alber Furtado de Vasconcelos Neto;5;27676,80;15032,21;42709,01;1
br-p-caio-cesar-farias-leoncio;Caio César Farias Leôncio;2;25152,21;4021,04;29173,25;1
br-p-tiago-chagas-faierstein;Tiago Chagas Faierstein;42;96118,47;343927,62;440046,09;8
br-p-rui-chagas-mesquita;Rui Chagas Mesquita;26;74463,29;99592,13;174055,42;3
br-p-antonio-mathias-nogueira-moreira;Antonio Mathias Nogueira Moreira;3;16859,47;45472,03;62331,50;1
br-p-roberto-jose-silveira-honorato;Roberto José Silveira Honorato;18;77433,99;99973,28;177407,27;5
br-p-claudio-beschizza-ianelli;Cláudio Beschizza Ianelli;20;27234,62;47992,95;75227,57;0
br-p-alex-braga-muniz;Alex Braga Muniz;21;17901,40;111467,26;129368,66;0
br-p-paulo-xavier-alcoforado;Paulo Xavier Alcoforado;10;20106,71;35032,92;55139,63;0
br-p-patricia-barcelos;Patrícia Barcelos;10;20153,64;33177,10;53330,74;0
br-p-leandro-de-sousa-mendes;Leandro de Sousa Mendes;6;7786,29;19538,95;27325,24;0
br-p-wp-rodrigo-alves-teixeira;Rodrigo Alves Teixeira;9;19022,74;15963,18;34985,92;9
br-p-wp-paulo-picchetti;Paulo Picchetti;17;51420,06;105391,22;156811,28;17
br-p-wp-ailton-de-aquino-santos;Ailton de Aquino Santos;4;8300,00;15285,21;23585,21;4
br-p-wp-nilton-jos-schneider-david;Nilton José Schneider David;10;35811,48;65622,91;101434,39;10
br-p-wp-gilneu-francisco-astolfi-vivan;Gilneu Francisco Astolfi Vivan;6;16608,13;43916,44;60524,57;6
br-p-wp-izabela-moreira-correa;Izabela Moreira Correa;10;8377,29;31130,66;39507,95;10
br-p-igor-muniz;Igor Muniz;3;2768,28;16407,05;19175,33;0
br-p-diogo-thomson-de-andrade;Diogo Thomson de Andrade;10;67937,34;162719,70;230657,04;6
br-p-carlos-jacques-vieira-gomes;Carlos Jacques Vieira Gomes;6;42712,84;41244,42;83957,26;4
br-p-camila-cabral-pires-alves;Camila Cabral Pires Alves;6;44472,71;81753,37;126226,08;6
br-p-jose-levi-mello-do-amaral-junior;José Levi Mello do Amaral Júnior;2;11351,18;13632,51;24983,69;2
br-p-waldemar-goncalves-ortunho-junior;Waldemar Gonçalves Ortunho Junior;10;109810,56;82625,37;192435,93;7
br-p-lorena-giuberti-coutinho;Lorena Giuberti Coutinho;4;25752,25;29106,60;54858,85;3
br-p-dou-alessandro-serafin-octaviani-luis;Alessandro Serafin Octaviani Luis;9;3297,14;25365,40;28662,54;0
br-p-dou-ana-cristina-viana-silveira;Ana Cristina Viana Silveira;18;21079,35;63877,94;84957,29;0
br-p-dou-jair-schmitt;Jair Schmitt;5;3651,51;25111,64;28763,15;0
br-p-dou-mauro-oliveira-pires;Mauro Oliveira Pires;13;14071,71;75349,66;89421,37;0
br-p-dou-cesar-fernando-schiavon-aldrighi;César Fernando Schiavon Aldrighi;14;25384,60;76050,17;101434,77;1
br-p-dou-manuel-fernando-palacios-da-cunha-e-melo;Manuel Fernando Palacios da Cunha e Melo;13;9392,42;69994,76;79387,18;0
br-p-dou-fernanda-mara-de-oliveira-macedo-carneiro-pacobahyba;Fernanda Mara de Oliveira Macedo Carneiro Pacobahyba;24;37102,56;153485,93;190588,49;1
br-p-denise-pires-de-carvalho;Denise Pires de Carvalho;20;23997,92;99432,46;123430,38;1
br-p-dou-olival-freire-junior;Olival Freire Júnior;27;25189,56;64230,51;89420,07;2
br-p-marcio-pochmann;Marcio Pochmann;21;16922,03;82935,51;99857,54;3
br-p-dou-luciana-mendes-santos-servo;Luciana Mendes Santos Servo;7;28068,35;17144,37;45212,72;4
br-p-dou-marco-americo-lucchesi;Marco Americo Lucchesi;9;12717,71;32839,03;45556,74;1
br-p-dou-joao-jorge-santos-rodrigues;João Jorge Santos Rodrigues;10;25758,97;61627,01;87385,98;1
br-p-dou-fernando-marcondes-de-araujo-leao;Fernando Marcondes de Araújo Leão;4;11208,12;10334,80;21542,92;0
br-p-dou-fabricio-de-oliveira-galvao;Fabricio de Oliveira Galvão;18;22357,61;74382,19;96739,80;0
br-p-dou-julio-cesar-castelo-branco-reis-moreira;Julio Cesar Castelo Branco Reis Moreira;23;15324,38;80252,41;95576,79;1
br-p-dou-marcio-andre-oliveira-brito;Marcio Andre Oliveira Brito;11;9135,02;78175,39;87310,41;0
br-p-ricardo-pena-pinheiro;Ricardo Pena Pinheiro;11;5402,88;17072,75;22475,63;0
br-p-dou-marco-antonio-chamon;Marco Antonio Chamon;6;43078,78;40997,39;84076,17;4
br-p-dou-francisco-rondinelli-junior;Francisco Rondinelli Júnior;15;65066,82;122426,54;187493,36;4
br-p-dou-enylson-flavio-martinez-camolesi;Enylson Flávio Martinez Camolesi;3;18183,32;15894,32;34077,64;1
br-p-jose-raphael-lopes-mendes-de-azeredo;José Raphael Lopes Mendes de Azeredo;1;888,18;2677,09;3565,27;0
br-p-francisco-ferreira-alexandre;Francisco Ferreira Alexandre;15;6475,25;36838,09;43313,34;0
br-p-luciana-de-sousa-barros;Luciana de Sousa Barros;11;7489,20;21219,33;28708,53;0
br-p-dou-mario-santos-moreira;Mario Santos Moreira;8;0,00;0,00;0,00;8
br-p-dou-thiago-guilherme-ferreira-prado;Thiago Guilherme Ferreira Prado;22;57025,52;120033,62;177059,14;1
br-p-ademar-arthur-chioro-dos-reis;Ademar Arthur Chioro dos Reis;31;51438,50;150143,09;201581,59;0
br-p-robinson-sakiyama-barreirinhas;Robinson Sakiyama Barreirinhas;19;20518,04;77640,13;98158,17;3
br-p-dou-daniel-cardoso-leal;Daniel Cardoso Leal;14;53396,44;86155,17;139551,61;4
br-p-marcos-sampaio-olsen;Marcos Sampaio Olsen;18;58025,00;206381,60;264406,60;2
br-p-tomas-miguel-mine-ribeiro-paiva;Tomás Miguel Miné Ribeiro Paiva;17;49577,35;86278,09;135855,44;2
br-p-marcelo-kanitz-damasceno;Marcelo Kanitz Damasceno;16;12600,00;72220,50;84820,50;4
br-p-ronald-da-silva-balbe;Ronald da Silva Balbe;5;23794,04;15604,84;39398,88;1
br-p-livia-oliveira-sobota;Livia Oliveira Sobota;3;21857,32;27193,30;49050,62;2
br-p-marcelo-pontes-vianna;Marcelo Pontes Vianna;6;35717,38;17698,56;53415,94;3
br-p-cleber-oliveira-soares;Cleber Oliveira Soares;22;85037,07;354317,72;439354,79;6
br-p-augusto-luis-billi;Augusto Luis Billi;10;66997,21;114301,63;181298,84;5
br-p-carlos-goulart;Carlos Goulart;19;88661,24;304905,88;393567,12;6
br-p-guilherme-campos-junior;Guilherme Campos Júnior;30;45532,99;130871,27;176404,26;2
br-p-luis-manuel-rebelo-fernandes;Luis Manuel Rebelo Fernandes;33;10608,20;228278,07;238886,27;1
br-p-henrique-de-oliveira-miguel;Henrique de Oliveira Miguel;10;27156,49;42414,07;69570,56;1
br-p-andrea-brito-latge;Andrea Brito Latgé;18;32596,11;77663,64;110259,75;2
br-p-marcio-tavares-dos-santos;Márcio Tavares Dos Santos;17;63632,61;216208,90;279841,51;3
br-p-roberta-cristina-martins;Roberta Cristina Martins;21;40939,78;147968,33;188908,11;0
br-p-marcia-helena-goncalves-rollemberg;Márcia Helena Gonçalves Rollemberg;14;26800,44;60753,72;87554,16;1
br-p-marcos-alves-de-souza;Marcos Alves de Souza;7;10668,16;13047,61;23715,77;1
br-p-claudia-sousa-leitao;Claudia Sousa Leitão;17;37785,73;96001,25;133786,98;1
br-p-thiago-rocha-leandro;Thiago Rocha Leandro;24;20730,18;115741,88;136472,06;0
br-p-joelma-oliveira-gonzaga;Joelma Oliveira Gonzaga;17;75635,67;161404,90;237040,57;4
br-p-gilson-alves-de-almeida-junior;Gilson Alves de Almeida Júnior;5;3155,00;6444,82;9599,82;0
br-p-cinara-wagner-fredo;Cinara Wagner Fredo;12;17155,39;50230,32;67385,71;1
br-p-rodolfo-de-carvalho-cabral;Rodolfo de Carvalho Cabral;10;27625,22;126388,80;154014,02;1
br-p-gregorio-durlo-grisa;Gregório Durlo Grisa;22;29888,91;119305,37;149194,28;1
br-p-katia-helena-serafina-cruz-schweickardt;Kátia Helena Serafina Cruz Schweickardt;21;44527,42;228020,60;272548,02;3
br-p-marcelo-bregagnoli;Marcelo Bregagnoli;27;26138,39;133630,83;159769,22;0
br-p-marcus-vinicius-david;Marcus Vinicius David;23;23008,73;98813,97;121822,70;0
br-p-evanio-antonio-de-araujo-junior;Evânio Antônio de Araújo Júnior;4;17779,09;94519,13;112298,22;1
br-p-marta-wendel-abramo;Marta Wendel Abramo;3;2598,91;23402,23;26001,14;0
br-p-rogerio-ceron-de-oliveira;Rogério Ceron de Oliveira;12;9881,79;40137,28;50019,07;0
br-p-mathias-jourdain-de-alencastro;Mathias Jourdain de Alencastro;10;57886,54;414870,56;472757,10;6
br-p-daniele-correa-cardoso;Daniele Correa Cardoso;8;6530,63;13347,54;19878,17;1
br-p-cilair-rodrigues-de-abreu;Cilair Rodrigues de Abreu;2;11939,58;20863,49;32803,07;1
br-p-francisco-gaetani;Francisco Gaetani;10;17052,29;74356,52;91408,81;2
br-p-elisa-vieira-leonel;Elisa Vieira Leonel;7;16116,41;79833,19;95949,60;1
br-p-roberto-seara-machado-pojo-rego;Roberto Seara Machado Pojo Rego;4;5051,05;7667,81;12718,86;0
br-p-rogerio-souza-mascarenhas;Rogério Souza Mascarenhas;9;27041,43;169126,43;196167,86;3
br-p-jose-lopez-feijoo;Jose Lopez Feijóo;4;24151,88;70850,41;95002,29;2
br-p-isabela-gomes-gebrim;Isabela Gomes Gebrim;4;10493,89;24489,01;34982,90;1
br-p-carolina-gabas-stuchi;Carolina Gabas Stuchi;8;14371,67;70396,33;84768,00;1
br-p-barbara-oliveira-souza;Bárbara Oliveira Souza;4;4436,32;21315,63;25751,95;0
br-p-ronaldo-dos-santos;Ronaldo dos Santos;28;46703,19;84008,72;130711,91;1
br-p-tiago-santana-da-conceicao;Tiago Santana da Conceição;11;32379,62;60034,17;92413,79;1
br-p-valder-ribeiro-de-moura;Valder Ribeiro de Moura;8;14407,51;31855,04;46262,55;0
br-p-eduardo-correa-tavares;Eduardo Corrêa Tavares;16;18949,62;62998,31;81947,93;2
br-p-edgar-batista-de-azevedo-caetano;Edgar Batista de Azevedo Caetano;6;7854,28;29013,10;36867,38;0
br-p-giuseppe-serra-seca-vieira;Giuseppe Serra Seca Vieira;20;38905,48;117421,40;156326,88;1
br-p-ademar-borges-de-sousa-filho;Ademar Borges de Sousa Filho;2;782,41;13587,67;14370,08;0
br-p-sheila-santana-de-carvalho;Sheila Santana de Carvalho;24;30524,50;164372,31;194896,81;2
br-p-paulo-eduardo-garrido-modesto;Paulo Eduardo Garrido Modesto;2;1688,86;7346,03;9034,89;0
br-p-victor-oliveira-fernandes;Victor Oliveira Fernandes;6;12667,87;31500,63;44168,50;1
br-p-maria-rosa-guimaraes-loula;Maria Rosa Guimarães Loula;10;53108,50;199993,49;253101,99;5
br-p-marta-rodriguez-de-assis-machado;Marta Rodriguez de Assis Machado;7;4198,59;21533,96;25732,55;0
br-p-francisco-lucas-costa-veloso;Francisco Lucas Costa Veloso;19;17745,10;113672,94;131418,04;0
br-p-ricardo-morishita-wada;Ricardo Morishita Wada;11;8438,76;29901,35;38340,11;1
br-p-lazaro-medeiros-viana-da-costa;Lázaro Medeiros Viana da Costa;15;52257,05;140120,23;192377,28;1
br-p-fernanda-gomes-de-paula;Fernanda Gomes de Paula;10;29794,85;55264,23;85059,08;1
br-p-carolina-rodrigues-da-costa-doria;Carolina Rodrigues da Costa Doria;11;55417,80;65755,17;121172,97;4
br-p-felipe-cavalcante-e-silva;Felipe Cavalcante e Silva;5;19041,46;32738,58;51780,04;1
br-p-benedito-adalberto-brunca;Benedito Adalberto Brunca;9;14733,15;55220,56;69953,71;1
br-p-paulo-roberto-dos-santos-pinto;Paulo Roberto dos Santos Pinto;21;19834,36;109136,89;128971,25;0
br-p-adriano-massuda;Adriano Massuda;30;77311,61;208586,79;285898,40;3
br-p-mozart-julio-tabosa-sales;Mozart Julio Tabosa Sales;26;24666,96;173442,32;198109,28;0
br-p-ana-luiza-ferreira-rodrigues-caldas;Ana Luiza Ferreira Rodrigues Caldas;21;47138,28;249131,21;296269,49;3
br-p-fernanda-de-negri;Fernanda De Negri;29;36217,05;270552,02;306769,07;2
br-p-felipe-proenco-de-oliveira;Felipe Proenço De Oliveira;42;68358,24;336726,07;405084,31;3
br-p-maria-lucilene-martins-santos;Maria Lucilene Martins Santos;27;38429,90;133322,74;171752,64;0
br-p-fabiano-geraldo-pimenta-junior;Fabiano Geraldo Pimenta Junior;8;6726,78;36992,61;43719,39;0
br-p-mirna-quindere-belmino-chaves;Mirna Quinderé Belmino Chaves;1;1275,68;6611,39;7887,07;0
br-p-carlos-roberto-queiroz-tome-junior;Carlos Roberto Queiroz Tomé Junior;6;2464,64;17874,11;20338,75;0
br-p-augusto-henrique-alves-rabelo;Augusto Henrique Alves Rabelo;23;29866,57;128361,61;158228,18;1
br-p-marcos-daniel-souza-dos-santos;Marcos Daniel Souza dos Santos;12;12437,26;43346,61;55783,87;1
br-p-vitor-araripe-freire-pacheco;Vitor Araripe Freire Pacheco;9;12463,04;44526,18;56989,22;0
br-p-marcio-leao-coelho;Márcio Leão Coelho;11;11349,98;43879,07;55229,05;0
br-p-sonia-faustino-mendes;Sônia Faustino Mendes;16;36293,49;83140,98;119434,47;2
br-p-wilson-diniz-wellisch;Wilson Diniz Wellisch;6;22950,65;60324,68;83275,33;1
br-p-hermano-barros-tercius;Hermano Barros Tercius;17;42256,99;134224,71;176481,70;2
br-p-eutalia-barbosa-rodrigues-naves;Eutália Barbosa Rodrigues Naves;14;30236,12;112412,07;142648,19;1
br-p-sandra-kennedy-viana;Sandra Kennedy Viana;15;22280,81;69360,31;91641,12;1
br-p-joana-celia-dos-passos;Joana Célia dos Passos;17;19106,50;74250,13;93356,63;0
br-p-maria-laura-da-rocha;Maria Laura da Rocha;3;8746,85;48518,48;57265,33;1
br-p-gustavo-cerqueira-ataide;Gustavo Cerqueira Ataide;5;4638,92;16243,01;20881,93;0
br-p-joao-daniel-de-andrade-cascalho;João Daniel de Andrade Cascalho;8;4657,34;28850,62;33507,96;0
br-p-renato-cabral-dias-dutra;Renato Cabral Dias Dutra;13;12940,51;53949,62;66890,13;0
br-p-mariana-de-assis-especie;Mariana de Assis Especie;3;3123,24;11839,86;14963,10;0
br-p-thairyne-jessica-martins-de-oliveira;Thairyne Jessica Martins de Oliveira;15;12824,93;39273,44;52098,37;1
br-p-daniel-ramos-longo;Daniel Ramos Longo;19;15753,10;54286,03;70039,13;3
br-p-otto-luiz-burlier-da-silveira-filho;Otto Luiz Burlier da Silveira Filho;15;40127,28;46204,72;86332,00;3
br-p-alex-sandro-de-avila;Alex Sandro de Avila;13;9283,05;12639,15;21922,20;1
br-p-eric-sousa-moura;Eric Sousa Moura;23;34880,15;112022,65;146902,80;1
br-p-ana-terra-reis;Ana Terra Reis;22;26734,48;106808,80;133543,28;2
br-p-vanderley-ziger;Vanderley Ziger;14;19339,97;68516,02;87855,99;1
br-p-moises-savian;Moisés Savian;11;18099,01;49611,12;67710,13;1
br-p-edmilton-cerqueira;Edmilton Cerqueira;12;14354,25;39798,87;54153,12;0
br-p-rodrigo-zerbone-loureiro;Rodrigo Zerbone Loureiro;5;5187,38;23199,29;28386,67;0
br-p-tatiana-lacerda-prazeres;Tatiana Lacerda Prazeres;16;21133,60;34830,34;55963,94;1
br-p-uallace-moreira-lima;Uallace Moreira Lima;26;38375,42;165779,93;204155,35;2
br-p-julia-cortez-da-cunha-cruz;Julia Cortez da Cunha Cruz;9;9501,16;24637,56;34138,72;1
br-p-osmar-ribeiro-de-almeida-junior;Osmar Ribeiro de Almeida Júnior;17;14038,15;179849,23;193887,38;1
br-p-valeria-torres-amaral-burity;Valéria Torres Amaral Burity;12;25815,13;47646,07;73461,20;1
br-p-lais-wendel-abramo;Laís Wendel Abramo;10;10611,79;42630,30;53242,09;0
br-p-rosilene-cristina-rocha;Rosilene Cristina Rocha;9;20348,77;58428,68;78777,45;0
br-p-amarildo-baesso;Amarildo Baesso;8;8769,38;25722,19;34491,57;1
br-p-analucia-faggion-alonso;Analúcia Faggion Alonso;10;12916,61;41670,63;54587,24;0
br-p-eliane-aquino-custodio;Eliane Aquino Custodio;15;20383,89;65699,08;86082,97;1
br-p-lilian-dos-santos-rahal;Lilian dos Santos Rahal;21;17467,99;93812,94;111280,93;0
br-p-rafael-guerreiro-osorio;Rafael Guerreiro Osório;9;6906,69;26150,42;33057,11;0
br-p-luiz-carlos-everton-de-farias;Luiz Carlos Everton de Farias;23;28165,20;108223,45;136388,65;0
br-p-ivo-de-almeida-ico-filho;Ivo de Almeida Icó Filho;4;3888,63;30393,49;34282,12;0
br-p-juliana-picoli-agatte;Juliana Picoli Agatte;13;13209,48;60852,17;74061,65;0
br-p-giovanni-rocco-neto;Giovanni Rocco Neto;2;2375,59;3846,98;6222,57;0
br-p-ludmila-ferreira-martins-costa-abadia;Ludmila Ferreira Martins Costa Abadia;6;5457,20;27221,80;32679,00;0
br-p-fabio-augusto-lima-de-araujo;Fabio Augusto Lima de Araujo;12;23212,44;47426,32;70638,76;1
br-p-anna-flavia-de-senna-franco;Anna Flávia de Senna Franco;2;2667,09;9034,37;11701,46;0
br-p-andre-rodolfo-de-lima;André Rodolfo de Lima;5;6116,38;10034,99;16151,37;0
br-p-rita-de-cassia-guimaraes-mesquita;Rita de Cássia Guimarães Mesquita;5;5632,50;30377,30;36009,80;0
br-p-carina-mendonca-pimenta;Carina Mendonça Pimenta;10;22826,53;41191,88;64018,41;2
br-p-adalberto-felicio-maluf-filho;Adalberto Felício Maluf Filho;14;9765,06;18626,98;28392,04;4
br-p-aloisio-lopes-pereira-de-melo;Aloisio Lopes Pereira de Melo;11;74661,46;66537,54;141199,00;5
br-p-edel-nazare-santiago-de-moraes;Edel Nazaré Santiago de Moraes;7;29665,29;51703,71;81369,00;1
br-p-guilherme-santos-mello;Guilherme Santos Mello;16;7213,22;29680,68;36893,90;0
br-p-tatiana-lemos-sandim;Tatiana Lemos Sandim;2;9799,50;2802,43;12601,93;1
br-p-antonio-negromonte-nascimento-junior;Antônio Negromonte Nascimento Junior;1;501,64;0,00;501,64;0
br-p-otavio-augusto-ferreira-ventura;Otávio Augusto Ferreira Ventura;1;9575,68;0,00;9575,68;1
br-p-clayton-luiz-montes;Clayton Luiz Montes;1;8659,42;0,00;8659,42;1
br-p-francisco-macena-da-silva;Francisco Macena da Silva;11;15061,43;98566,02;113627,45;1
br-p-henrique-eduardo-medeiros-aquino;Henrique Eduardo Medeiros Aquino;14;13202,13;58677,36;71879,49;0
br-p-luiz-henrique-ramos-lopes;Luiz Henrique Ramos Lopes;12;10428,10;17395,17;27823,27;1
br-p-carlos-augusto-simoes-goncalves-junior;Carlos Augusto Simões Gonçalves Junior;3;3756,56;18413,29;22169,85;0
br-p-marcos-perioto;Marcos Perioto;4;44763,74;44178,83;88942,57;2
br-p-carlos-henrique-menezes-sobral;Carlos Henrique Menezes Sobral;9;25930,46;64682,98;90613,44;1
br-p-augusto-lira-da-rocha;Augusto Lira da Rocha;9;24637,36;57052,90;81690,26;1
br-p-caroline-dias-dos-reis;Caroline Dias dos Reis;13;34276,49;140154,96;174431,45;2
br-p-tassiana-cunha-carvalho;Tassiana Cunha Carvalho;10;17071,64;58534,02;75605,66;0
br-p-alexandre-da-silva;Alexandre da Silva;15;55815,58;65241,41;121056,99;3
br-p-isadora-rodrigues-nascimento-santos;Isadora Rodrigues Nascimento Santos;16;31968,83;59723,71;91692,54;1
br-p-symmy-larrat-brito-de-carvalho;Symmy Larrat Brito de Carvalho;25;70802,89;89477,61;160280,50;2
br-p-marcos-vesolosquzki;Marcos Vesolosquzki;23;45774,47;210632,95;256407,42;0
br-p-giovana-cruz-mandulao;Giovana Cruz Mandulão;17;42220,40;128151,58;170371,98;1
br-p-bruno-leitao-praxedes;Bruno Leitão Praxedes;11;8299,67;31742,33;40042,00;0
br-p-leonardo-cezar-ribeiro;Leonardo Cezar Ribeiro;19;35437,52;186248,97;221686,49;2
br-p-viviane-esse;Viviane Esse;21;81500,66;155292,90;236793,56;3
br-p-adrualdo-de-lima-catao;Adrualdo de Lima Catão;20;47745,17;176495,27;224240,44;2
br-p-francisca-lucileide-de-carvalho;Francisca Lucileide de Carvalho;1;0,00;0,00;0,00;1
br-p-roberto-nami-garibe-filho;Roberto Nami Garibe Filho;10;12120,97;42102,05;54223,02;0
br-p-marcus-benicio-foltz-cavalcanti;Marcus Benicio Foltz Cavalcanti;3;5316,56;6314,65;11631,21;0
br-p-washington-rocha-triani;Washington Rocha Triani;8;26377,13;73168,57;99545,70;2
br-p-ricardo-santos-taranto;Ricardo Santos Taranto;4;5349,00;12828,22;18177,22;0
br-p-andre-luiz-bandeira-molina;André Luiz Bandeira Molina;7;60308,63;37052,67;97361,30;5
br-p-samara-mariana-de-castro;Samara Mariana de Castro;7;13912,69;44098,88;58011,57;0
br-p-laercio-portela-delgado;Laércio Portela Delgado;44;17210,22;4021,57;21231,79;6
br-p-joao-caldeira-brant-monteiro-de-castro;João Caldeira Brant Monteiro de Castro;7;49495,61;92002,63;141498,24;4
br-p-mariana-gurgel-zoccoli;Mariana Gurgel Zoccoli;4;566,64;23315,84;23882,48;2
br-p-samantha-marchiori-rodrigues-ribeiro;Samantha Marchiori Rodrigues Ribeiro;1;341,59;5522,44;5864,03;0
br-p-marcelo-almeida-cunha-costa;Marcelo Almeida Cunha Costa;1;1988,18;5201,86;7190,04;0
br-p-jose-ilario-goncalves-marques;José Ilário Gonçalves Marques;20;22302,39;84260,49;106562,88;0
br-p-gerson-luis-bittencourt;Gerson Luis Bittencourt;9;10463,63;23276,15;33739,78;0
br-p-josue-augusto-do-amaral-rocha;Josué Augusto do Amaral Rocha;5;1627,46;22889,74;24517,20;0
br-p-kelli-cristine-de-oliveira-mafort;Kelli Cristine de Oliveira Mafort;10;12148,33;49710,36;61858,69;0
br-p-vitoria-genuino-de-morais-silva;Vitória Genuino de Morais Silva;30;52650,78;154455,29;207106,07;1
br-p-izadora-gama-brito;Izadora Gama Brito;30;42155,94;150639,30;192795,24;0
br-p-wagner-caetano-alves-de-oliveira;Wagner Caetano Alves de Oliveira;38;17074,00;63495,38;80569,38;1
